prefix,first,middle,last,resident,company,address1,address2,city,state,zip,zip4,country
,Customer,,Service,,Sharperagent,10771 E. Easter Ave. STE. 250,,Centennial,CO,80112-3713,,United States
Mr,Padma,Tester,Ambadipudi,or Current Resident,,3437 E Glacier Pl,,Chandler,AZ,85249,,United States
Ms,Ashwin, QAE,Nayak,or Current Resident,,3438 E Glacier Pl,,Chandler,AZ,85249,,United States
,Vennela,Testing,Ambadipudi,or Current Resident,,3439 E Glacier Pl,,Chandler,AZ,85249,,United States
,Venu,,Ambadipudi,or Current Resident,,3440 E Glacier Pl,,Chandler,AZ,85249,,United States
,Lester,,Penning,or Current Resident,,3441 E Glacier Pl,,Chandler,AZ,85249,,United States
,Guneet,,Bhatia,or Current Resident,,3442 E Glacier Pl,,Chandler,AZ,85249,,United States
,Swapnil,,Nighut,,,3443 E Glacier Pl,,Chandler,AZ,85249,,United States
,Raj,,K,or Current Resident,,3444 E Glacier Pl,,Chandler,AZ,85249,,United States
,Ron,,S,,,3445 E Glacier Pl,,Chandler,AZ,85249,,United States
